,name,userid
0,AAA_27_,0
1,AAA,1
2,Mr_AAA,2
3,_aaa,3
4,Ev_aaa,4
5,AAA_XD,5
6,ZC_AAA,6
7,y-aaa,7
8,AAA_AAA,8
9,aaa_aaaa,9
10,Aaaa_2a,10
11,aaaa,11
12,aaaa_,12
13,aaaaa,13
14,Emm_aaa,14
15,aaaaaa,15
16,aaa_bbb,16
17,aaa-kun,17
18,Aaa-123,18
19,aaaaaaaa,19
20,AaaAaaAaaAaa-,20
21,aaaaaaaaaaaa,21
22,aaaaaaaaaaaaaaaa,22
23,aaaaaaaaa,23
24,000,24
25,fr_000,25
26,lm_000,26
27,RK-000,27
28,---000---,28
29,mc_000,29
30,-000,30
31,000_000,31
32,0000_0000,32
33,sh3_0000,33
34,_0000_,34
35,0000,35
36,0000_,36
37,____0000____,37
38,----0000,38
39,---0000,39
40,00-0000,40
41,00000,41
42,00000__,42
43,xic_000,43
44,Ash_000,44
45,Ban-000,45
46,Abt-000,46
47,mev_000,47
48,000,48
49,fr_000,49
50,lm_000,50
51,RK-000,51
52,---000---,52
53,mc_000,53
54,-000,54
55,000_000,55
56,0000_0000,56
57,sh3_0000,57
58,_0000_,58
59,0000,59
60,0000_,60
61,____0000____,61
62,----0000,62
63,---0000,63
64,00-0000,64
65,00000,65
66,00000__,66
67,xic_000,67
68,Ash_000,68
69,Ban-000,69
70,Abt-000,70
71,mev_000,71
72,000,72
73,fr_000,73
74,lm_000,74
75,RK-000,75
76,---000---,76
77,mc_000,77
78,-000,78
79,000_000,79
80,0000_0000,80
81,sh3_0000,81
82,_0000_,82
83,0000,83
84,0000_,84
85,____0000____,85
86,----0000,86
87,---0000,87
88,00-0000,88
89,00000,89
90,00000__,90
91,xic_000,91
92,Ash_000,92
93,Ban-000,93
94,Abt-000,94
95,mev_000,95
96,fr_000,96
97,000,97
98,lm_000,98
99,mc_000,99
100,-000,100
101,---000---,101
102,RK-000,102
103,000_000,103
104,0000_0000,104
105,sh3_0000,105
106,0000,106
107,0000_,107
108,_0000_,108
109,---0000,109
110,00-0000,110
111,----0000,111
112,____0000____,112
113,00000,113
114,00000__,114
115,xic_000,115
116,Ban-000,116
117,Ash_000,117
118,No_One_000,118
119,Abt-000,119
120,fr_000,120
121,000,121
122,lm_000,122
123,mc_000,123
124,-000,124
125,---000---,125
126,RK-000,126
127,000_000,127
128,0000_0000,128
129,sh3_0000,129
130,0000,130
131,0000_,131
132,_0000_,132
133,---0000,133
134,00-0000,134
135,----0000,135
136,____0000____,136
137,00000,137
138,00000__,138
139,xic_000,139
140,Ban-000,140
141,Ash_000,141
142,No_One_000,142
143,Abt-000,143
144,000,144
145,fr_000,145
146,lm_000,146
147,RK-000,147
148,---000---,148
149,mc_000,149
150,-000,150
151,000_000,151
152,0000_0000,152
153,sh3_0000,153
154,_0000_,154
155,0000,155
156,0000_,156
157,____0000____,157
158,----0000,158
159,---0000,159
160,00-0000,160
161,00000,161
162,00000__,162
163,xic_000,163
164,Ash_000,164
165,Ban-000,165
166,Abt-000,166
167,mev_000,167
